id,target,gold_source,predicted_source,num_rounds,num_llm_calls,time_seconds,reasoning
210,Westernization Movement,Reform Movement of 1898,Population Movement,4,4,60.39002847671509,"The Westernization Movement and Population Movement share a structural similarity in that both involve the transfer of ideas, values, or people from one geographical or cultural area to another. Both concepts also involve a dynamic process of change, adaptation, and impact on the destination area, whether it be a shift in cultural values or demographic changes. This conceptual alignment allows for a meaningful mapping between the two concepts, enabling insights into the complexities of cultural exchange and the challenges of integrating new ideas or populations."
281,household,government,Pedigree Trees,4,4,50.78869080543518,"Pedigree Trees are the best source analogy for the target concept of household because they share a structural similarity in representing relationships between individuals within a group. Both households and pedigree trees involve a collection of individuals connected by relationships, whether familial or residential. This conceptual alignment allows for a meaningful mapping between the two concepts, enabling insights into the dynamics and structures of households to be gained from the study of pedigree trees."
34,Cell division,the replicator,Pedigree Trees,4,4,48.604997396469116,"Pedigree Trees are the best match for cell division because they share a structural similarity in representing the branching and separation of entities, whether it's family members or cells. Both concepts involve the creation of new entities that inherit characteristics from their predecessors, and the tree-like structure of pedigree trees can be mapped onto the process of cell division, where a single cell branches into two daughter cells. This conceptual alignment allows for a meaningful mapping between the two concepts, highlighting the idea of inheritance and the preservation of genetic information."
211,Westernization Movement,The Revolution of 1911,Population Movement,4,4,42.73608899116516,"The Westernization Movement and Population Movement share a structural similarity in that both involve the movement of ideas, values, or people from one geographical area to another, resulting in significant social, economic, and cultural impacts. Both concepts also involve the transfer of cultural, social, or economic capital, leading to changes in the destination area. This conceptual alignment allows for a meaningful mapping between the two concepts, enabling insights into how ideas and values can spread and take root in new contexts."
94,Electrochemical Reaction,Power Generation,Circuits,4,4,55.49726724624634,"The source concept of Circuits (Physics) is the best match for the target concept of Electrochemical Reaction because it shares a similar underlying principle of electron transfer and conductivity. Both concepts involve the flow of electrons through a medium (electric wires in circuits and electrolytes in electrochemical reactions), which enables a specific process to occur (signal transmission in circuits and chemical reactions in electrochemical reactions). This structural similarity and conceptual alignment make Circuits a suitable source for creating a meaningful analogy for Electrochemical Reactions."
85,Limit Modification System,Firewall,Firewall,4,4,65.83900904655457,"The Firewall (Computer) is the best source analogy for the Limit Modification System because it shares a similar relational pattern of protecting a system from external threats. Both the Limit Modification System and the Firewall act as barriers to prevent the entry of foreign entities (DNA and malicious software, respectively) that could potentially harm the system. This conceptual alignment allows for a meaningful mapping between the two concepts, highlighting the protective function of the Limit Modification System in prokaryotic organisms."
330,Article,River,The Writing System,4,4,51.921656370162964,"The Writing System is the best match for the target concept ""Article"" because it shares a similar structural pattern, with both concepts being fundamental components of written communication. Both articles and writing systems serve to convey meaning and facilitate understanding, with articles providing context and specificity, and writing systems providing a visual representation of language. Additionally, both concepts have a broad range of applications, from everyday communication to formal publications, making them conceptually aligned."
95,Crystals,Architecture,Pedigree Trees,4,4,60.41587686538696,"Pedigree Trees are the best match for Crystals because they share a structural similarity in their highly ordered and organized patterns. Just as pedigree trees represent a branching structure of family relationships, crystals exhibit a highly ordered microscopic structure formed by the arrangement of their atomic constituents in a crystal lattice. This similarity in structural patterns allows for a meaningful mapping between the two concepts, making Pedigree Trees a suitable source analogy for Crystals."
267,money,time,Ledger,4,4,36.86386489868164,"The Ledger source concept is the best match for the target concept of Money because it shares a similar relational pattern of tracking and recording transactions, which is a fundamental aspect of money's function as a medium of exchange. Additionally, the ledger's ability to provide an accurate record of financial movements and verify trades aligns with the concept of money as a tool for efficient economic transactions. This structural similarity and conceptual alignment make the Ledger a suitable source for creating a meaningful analogy for the target concept of Money."
127,Deep Learning,The Brain,Operating System,4,4,25.49840545654297,"The Operating System (Computer) is the best source analogy for Deep Learning because both concepts involve managing and processing complex information flows. Just as an operating system manages computer resources and provides a platform for programs to run, deep learning architectures manage and process complex data flows through multiple layers of artificial neural networks. This structural similarity and conceptual alignment make for a meaningful mapping between the two concepts, allowing for insights into how deep learning can be optimized and implemented efficiently."
