model,setting,row_index,error,unfamiliar_concept,familiar_concept,description_unfamiliar,description_familiar,properties_unfamiliar,properties_familiar,explanation_list,result,reasoning,sbert_similarity,evaluation_type
gemini-2.5-flash-lite,unpaired_properties_description,0,,biological clock,clock,"The biological clock is a fundamental aspect of human physiology that governs the body's internal rhythms and processes. It refers to a range of mechanisms that enable the body to adjust to different states and changes in the environment. These mechanisms include the ageing process, menstrual cycle, circadian rhythm, vernalisation, and molecular and epigenetic clocks. The biological clock is responsible for regulating several essential processes, such as sleep-wake cycles, hormone release, and metabolism. This delicate balance can be disrupted when the body is subjected to different circumstances, such as changes in light exposure, temperature, or hormonal imbalances. Understanding the mechanisms of the biological clock is critical for maintaining good health and quality of life. It provides invaluable information for developing effective strategies to mitigate the effects of ageing, improve reproductive health, and combat sleep disorders. By studying the mechanisms of the biological clock, researchers are continually uncovering new ways to treat and prevent a range of health conditions. In short, the biological clock is a remarkable biological mechanism that plays a vital role in our lives, allowing us to adjust to changing circumstances and maintain a healthy state of being.","A clock, also known as a timepiece, is a device used to measure and indicate time. From sun dials to water clocks, clocks have evolved over millennia. The invention of the verge escapement led to the development of mechanical clocks, and the pendulum clock improved their accuracy during the 17th century. The importance of precise timekeeping for navigation further stimulated clock innovation. Today, clocks come in many forms including analog clocks with moving hands, digital clocks with electronic mechanisms and numeric displays, and speaking clocks for the visually impaired. Despite the many forms that clocks can take, they all have a harmonic oscillator that serves as the timekeeping element, and they all require maintenance to continue functioning properly.","['changes', 'state', 'adjust']","['pointer', 'time', 'maintain']","['Changes correspond to pointers: In the biological clock, physiological changes are biological processes that occur over time, such as hormone secretion and changes in body temperature. In a clock, the pointer is the physical component used to indicate changes in time. Both represent changes that occur over time.', 'Physiological state corresponds to time points: The physiological state in the biological clock can represent the state of a living organism at a specific time, such as morning, daytime, or nighttime. The time points in a clock directly represent specific moments, such as 10:00 AM or 3:00 PM. Here, physiological state and time points are both used to describe the situation at a particular moment.', 'Adjustment corresponds to maintenance: The biological clock needs adjustment to maintain the normal physiological function of a living organism, such as adjusting the response to environmental factors like light and temperature. Similarly, a clock needs maintenance to ensure its normal operation, such as adjusting the pointer or replacing batteries. In this mapping, adjustment and maintenance both represent optimization and maintenance of the operating system to ensure normal operation.']","The 'changes' in a biological clock, such as the progression through sleep-wake cycles or hormonal fluctuations, are analogous to the 'pointer' of a clock that continuously moves to indicate the passage of time, representing a constant state of change. The 'state' of a biological clock, referring to the body's condition at a particular moment (e.g., being awake or asleep), is comparable to the 'time' displayed by a clock, which represents a specific point in the day or a particular moment. The ability of a biological clock to 'adjust' to external cues like light or temperature to regulate internal rhythms is similar to how a clock needs to be 'maintained' (e.g., wound, battery replaced, synchronized) to ensure it accurately reflects and keeps track of time.","The user wants an analogy between a ""biological clock"" and a ""clock"". I need to explain how the properties of the biological clock (""changes"", ""state"", ""adjust"") relate to the properties of a regular clock (""pointer"", ""time"", ""maintain"").

- **Changes** in a biological clock relate to how a clock's **pointer** moves to indicate the passage of time, which is a form of change.
- The **state** of a biological clock (e.g., awake, asleep, fertile) can be compared to the **time** displayed by a clock, which represents a specific state in the day.
- The ability of a biological clock to **adjust** to environmental cues is analogous to how a clock needs to be **maintained** to keep accurate time.",0.8073123693466187,string_to_string
gemini-2.5-flash-lite,unpaired_properties_description,1,,Biosphere,Library,"The biosphere refers to the sum of all ecosystems on Earth, including the interactions between living organisms and their environment, such as the lithosphere, cryosphere, hydrosphere, and atmosphere. This spherical shell system is closed with regards to matter, with minimal inputs and outputs, yet open with regards to energy, as it captures solar energy through photosynthesis. The biosphere is postulated to have evolved through biopoiesis or biogenesis, and it encompasses all living beings and their relationships, including biodiversity. Biospheres can be both natural and artificial, including ones on other planets or moons. In essence, the biosphere is a global ecological system that integrates all living organisms and their various ecosystems.","A library is much more than a building full of books. It is a collection of physical and digital resources accessible to the public for use and not just display. The materials found in a library can come in many forms, including books, DVDs, CDs and cassettes, and even bibliographic databases. Libraries can be organized and maintained by a variety of entities such as a government, school, museum, corporation or private individual. Libraries provide access to materials and information as well as the services of trained librarians who assist with finding, selecting, circulating and organizing information. They also offer a variety of spaces for studying, collaborating and accessing electronic resources like computers and the Internet. Libraries serve various types of communities, offering tailored services to fit their needs. Additionally, libraries are more than just buildings, they provide material that is accessible electronically, extending their services beyond the physical walls.","['biology', 'biodiversity', 'ecosystem']","['books', 'Book Type', 'library room']","[""Biology corresponds to books: In the biosphere, organisms are the basic units that make up the ecosystem, and various organisms together form a complex biological network. Similarly, in a library, books are carriers of knowledge and collectively form the library's knowledge system. In this analogy, both biology and books are basic components of their respective systems."", 'Biodiversity corresponds to book types: Biodiversity refers to the richness of the variety of species in the biosphere, which helps maintain the balance and stability of the ecosystem. In a library, book types represent the various fields of knowledge collected in the library, which helps to meet the needs of different readers. In this analogy, biodiversity and book types both represent the richness and diversity of their respective systems.', 'Ecosystem corresponds to library rooms: The ecosystem in the biosphere is formed by the interaction of different organisms, and these ecosystems are interconnected, interdependent, and together maintain the balance of the biosphere. In a library, rooms are laid out according to different classifications and themes, which helps readers to better find and use relevant resources. In this analogy, the ecosystem and library rooms both represent interrelated subsystems in their respective fields.']","The 'biology' of the biosphere, which encompasses all living organisms, is analogous to the 'books' in a library, which represent collected knowledge and information. Both are the fundamental units that make up the larger system. The 'biodiversity' of the biosphere, referring to the vast variety of life forms and their interrelationships, is analogous to the 'Book Type' in a library, which signifies the diverse range of subjects, genres, and formats of materials available. Both highlight the richness and variety within their respective domains. An 'ecosystem' within the biosphere, which is a community of living organisms interacting with their physical environment, is analogous to a 'library room' or the library itself as a structured space. Both are organized environments where different components (organisms/resources) interact, are managed, and serve a purpose.","The user wants an analogy between the Biosphere and a Library. I need to compare the properties of the Biosphere (""biology"", ""biodiversity"", ""ecosystem"") with the properties of a Library (""books"", ""Book Type"", ""library room"") and explain how they are similar.

1.  **Biology vs. Books:** The biosphere is about life and living organisms. A library is about information, often contained in books. Both are collections of ""units"" (organisms vs. books) that make up the larger system.
2.  **Biodiversity vs. Book Type:** Biodiversity refers to the variety of life. Book Type refers to the variety of materials and subjects in a library. Both highlight the diversity within their respective systems.
3.  **Ecosystem vs. Library Room:** An ecosystem is a community of living organisms interacting with their physical environment. A library room is a space where different resources (books, people, technology) interact and are organized. Both represent structured environments where components interact.",0.8476716876029968,string_to_string
gemini-2.5-flash-lite,unpaired_properties_description,2,,Respiratory system,engine,"The respiratory system is a critical biological system used for gas exchange in both animals and plants. In land animals, the lungs play the central role in gas exchange, with millions of air sacs called alveoli serving as the respiratory surface. Oxygen from the environment is brought to the alveoli by breathing muscles, which pump air through a system of hollow tubes, such as the trachea and bronchi, and bronchioles. Birds have similar air sacs called atria, and their bronchioles are termed parabronchi. Fish have gills, while insects have simpler respiratory systems, and amphibians rely on their skin for gas exchange. Plants also have respiratory systems, with stomata serving as one such feature. Understanding how the respiratory system works is critical to comprehending the overall workings of both animals and plants.","An engine or motor is a machine that transforms energy into mechanical energy for various applications. It can convert different energy sources, including potential energy, heat energy, chemical energy, electric potential, and nuclear energy, to generate motion.  Heat engines that convert heat into work are commonly used in transportation and industrial processes. One common example is the internal combustion engine, which rapidly pressurizes the gaseous combustion products in the combustion chamber to produce motion. Other types of engines include reaction engines, electric motors, pneumatic motors, and biological systems. Chemical heat engines, also known as airbreathing engines, use ambient atmospheric gas as a part of the fuel reaction to generate motion. These engines can operate outside of the Earth's atmosphere but may require additional fuel components such as oxidizers. The engine comprises a fuel source, a combustion chamber, and a piston, among other components.","['oxygen', 'the lungs', 'breathing muscles']","['fuel', 'combustion chamber', 'piston']","['Oxygen corresponds to fuel: In the respiratory system, oxygen is an essential element for sustaining life and participates in the energy-generating process within the organism. In an engine, fuel (such as gasoline, diesel, etc.) is the energy source required for its operation. In this mapping, both oxygen and fuel are critical factors in energy generation within their respective systems.', 'Lungs correspond to the combustion chamber: In the respiratory system, the lungs are responsible for the exchange of oxygen and carbon dioxide, providing oxygen to the organism and expelling waste gases. In an engine, the combustion chamber is where fuel and oxygen mix and burn, releasing energy to drive the engine. In this mapping, the lungs and combustion chamber are the places where gas exchange and energy release occur within their respective systems.', 'Breathing muscles correspond to the piston: In the respiratory system, breathing muscles (such as the diaphragm and intercostal muscles) control the flow of gas into and out of the lungs through contraction and relaxation, enabling the process of breathing. In an engine, the piston converts the energy produced within the combustion chamber into mechanical energy, driving other parts of the engine. In this mapping, both breathing muscles and the piston are crucial components for gas flow and energy conversion within their respective systems.']","Oxygen in the respiratory system is analogous to fuel in an engine because both are essential inputs that are consumed to produce energy or facilitate a vital process. Oxygen is used in cellular respiration to produce energy for the body, while fuel is burned in an engine to produce mechanical energy. The lungs in the respiratory system are analogous to the combustion chamber in an engine because both are the primary sites where the critical exchange or reaction takes place. In the lungs, gas exchange (oxygen in, carbon dioxide out) occurs, while in the combustion chamber, fuel and air react to produce power. Breathing muscles in the respiratory system are analogous to a piston in an engine because both are components that drive movement and facilitate the process. Breathing muscles actively move air into and out of the lungs, similar to how a piston moves within a cylinder to drive mechanical work in an engine.","The user wants an analogy between the respiratory system and an engine. I need to compare the key properties of each concept and explain how they are similar.

**Respiratory System Properties:**
*   Oxygen: The essential gas taken in for cellular respiration.
*   The lungs: The primary organ for gas exchange.
*   Breathing muscles: The mechanism that drives air movement.

**Engine Properties:**
*   Fuel: The substance that is consumed to produce energy.
*   Combustion chamber: The location where fuel is burned.
*   Piston: A component that moves to create mechanical work.

**Analogies:**

1.  **Oxygen (Respiratory System) vs. Fuel (Engine):** Both are essential inputs that are consumed to produce energy or facilitate a vital process. Oxygen is used in cellular respiration to produce energy for the body, while fuel is burned in an engine to produce mechanical energy.
2.  **The lungs (Respiratory System) vs. Combustion chamber (Engine):** Both are the primary sites where the critical exchange or reaction takes place. In the lungs, gas exchange (oxygen in, carbon dioxide out) occurs. In the combustion chamber, fuel and air react to produce power.
3.  **Breathing muscles (Respiratory System) vs. Piston (Engine):** Both are components that drive movement and facilitate the process. Breathing muscles actively move air into and out of the lungs, similar to how a piston moves within a cylinder to drive mechanical work in an engine.",0.9104049801826477,string_to_string
gemini-2.5-flash-lite,unpaired_properties_description,3,,Spread of Pathogens,Spread of Fire,"The spread of pathogens is a serious concern, especially in crowded environments where individuals are in close proximity to each other. The incident aboard the Japan Air Lines Boeing 747 serves as a harsh reminder of the potential impacts of pathogen contamination. The incident involved the consumption of a contaminated in-flight meal that contained Staphylococci bacteria, resulting in the illness of 197 individuals. The incident highlights the need for effective prevention and control measures to minimize the spread of pathogens in crowded settings. These measures may include proper hygiene practices, regular sanitization, and the use of protective equipment to limit the transmission of pathogens. By taking proactive measures, the risk of contamination and illness can be reduced, ensuring the safety and health of individuals in crowded environments.","Fire is a natural process that is essential for maintaining ecological systems, but when it becomes out of control, it can cause significant damage. Fire occurs when a material undergoes rapid oxidation during combustion, releasing heat, light, and reaction products. Flames are produced at a certain point in the combustion reaction, which is known as ignition point. The color and intensity of the flame will vary depending on the substances alight and any impurities outside. In its most common form, fire can result in conflagration, which can cause damage to life and property. Fire can also cause atmospheric pollution and water contamination. However, fire also has some positive effects, such as stimulating growth and maintaining ecological systems. Fire has been used by humans for various purposes such as rituals, in agriculture for clearing land, cooking, generating heat and light, propulsion purposes, smelting, forging, incineration of waste, cremation, and as a weapon or mode of destruction. Fire fighting methods are crucial to control the spread of fire, especially in hazardous situations.","['pathogen', 'crowd', 'Prevention and control measures']","['fire', 'combustibles', 'Fire fighting methods']","['Pathogens correspond to fire: in the transmission of pathogens, pathogens (such as viruses and bacteria) are the causes of diseases that spread and cause health problems among people. In the spread of fires, fire is the element that ignites fires, spreading among combustibles and causing property damage and endangering lives. In this mapping, both pathogens and fire are the core factors of transmission and propagation in their respective systems.', 'Crowds correspond to combustibles: in the transmission of pathogens, crowds are the main channel for the spread of pathogens, which spread through contact and airborne droplets among people. In the spread of fires, combustibles (such as wood, paper, chemicals, etc.) are the key factors that allow fire to spread, as fire ignites combustibles to expand the blaze. In this mapping, both crowds and combustibles are the main channels and carriers of transmission and propagation in their respective systems.', 'Prevention and control measures correspond to fire fighting methods: in the transmission of pathogens, prevention and control measures (such as wearing masks, keeping social distance, vaccination, etc.) aim to slow down the speed and scope of pathogen transmission and reduce the impact of epidemics. In the spread of fires, fire fighting methods (such as fire extinguishers, firefighting equipment, fire brigades, etc.) are used to control the spread of fire, reducing the damage caused by fires. In this mapping, both prevention and control measures and fire fighting methods are means used in their respective systems to control and respond to transmission and propagation.']","A 'pathogen' is like 'fire' in that both are entities that can spread and cause harm. Pathogens are microorganisms that cause disease, while fire is a rapid oxidation process that can destroy. A 'crowd' is analogous to 'combustibles' because both facilitate the spread of their respective phenomena. Crowded environments provide close proximity for pathogens to transmit between individuals, just as combustible materials provide the fuel for fire to spread. The 'prevention and control measures' for pathogens are similar to 'fire fighting methods' in that both are actions taken to stop or slow down the spread. For pathogens, these include hygiene and sanitization, while for fire, they involve extinguishing techniques.","The user wants an analogy between the spread of pathogens and the spread of fire. I need to compare the key properties of each concept and explain how they are similar.

- **Pathogen** vs. **Fire**: Both are entities that can spread and cause harm.
- **Crowd** vs. **Combustibles**: Both represent environments or materials that facilitate the spread. Crowded environments allow pathogens to easily transmit between individuals, while combustible materials provide the fuel for fire to spread.
- **Prevention and control measures** vs. **Fire fighting methods**: Both refer to actions taken to stop or slow down the spread of the respective phenomena.",0.8513540029525757,string_to_string
gemini-2.5-flash-lite,unpaired_properties_description,4,,Gene editing,kirigami,"Gene editing is a revolutionary technique in molecular biology that allows for specific targeted changes to an organism's DNA. Using tools such as CRISPR-Cas9 technology, zinc finger nucleases, and transcription activator-like effector nucleases, scientists can insert, delete, or substitute genetic material to achieve desired results. This technique holds great promise in developing new treatments for diseases through gene therapy. With the ability to edit genes, there is potential to correct genetic mutations that cause diseases, hereditary conditions, and even cancer. The CRISPR-Cas9 system, in particular, has opened up a new era of gene editing due to its efficiency and specificity, allowing scientists to create targeted mutations at precise locations in the genome. As gene editing technology continues to evolve, it holds the promise of revolutionizing the fields of medicine, agriculture, and environmental science.","Kirigami is a fascinating art form that originated from Japan, derived from the traditional origami. Unlike origami, kirigami involves the use of scissors in addition to folding paper to create intricate 3D designs that rise from the page. The art form involves cutting and folding paper into various shapes and sizes to create beautiful and intricate paper-cut works. The raw material used in kirigami is simply paper, which can then be transformed into stunning pieces of art with just a few simple cuts and folds. From animals to buildings and even plants, kirigami can be used to create almost anything. Using just a pair of scissors and some paper, you can unleash your artistic side and create beautiful and intricate works of art through the fascinating art form of kirigami.","['Gene', 'CRISPR-Cas9 Technology', 'edited gene']","['raw material', 'Scissors', 'Paper-cut works']","['Gene corresponds to raw materials: in gene editing, genes are the objects being edited and modified , and they contain the genetic information of organisms. In paper-cut works, raw materials (such as paper) are the substances being cut and shaped to make paper-cut works. In this analogy, genes and raw materials are both the core objects being manipulated and changed in their respective systems.', 'CRISPR-Cas9 technology corresponds to scissors: in gene editing, CRISPR-Cas9 technology is a tool used for precise editing of genes, which can achieve the addition, deletion or modification of specific gene fragments. In paper-cut works, scissors are used to cut paper and shape the form of paper-cut works. In this analogy, CRISPR-Cas9 technology and scissors are both the key tools used for implementation and change in their respective systems.', 'Edited genes correspond to paper-cut works: in gene editing process, edited genes are the products that have been changed, and they have new characteristics and functions that may affect the traits of organisms. While in paper-cut process, paper-cut works are the results of cutting and shaping, having unique shapes and beauty. In this analogy, edited genes and paper-cut works are both the final products after implementation and change in their respective systems.']","The 'Gene' in gene editing is analogous to the 'raw material' in kirigami, as both are the fundamental components that are being modified. The 'CRISPR-Cas9 Technology' in gene editing is analogous to 'Scissors' in kirigami, as both are the tools used to make precise alterations to the base material. The 'edited gene' in gene editing is analogous to 'Paper-cut works' in kirigami, as both represent the final, transformed outcome after the modification process.","The user wants an analogy between gene editing and kirigami. I need to identify how the properties of gene editing relate to the properties of kirigami.

- **Gene editing** involves making specific changes to DNA, often using tools like CRISPR-Cas9, to alter a gene. The outcome is an ""edited gene.""
- **Kirigami** involves cutting and folding paper to create intricate designs. The ""raw material"" is paper, and the ""tools"" include scissors, resulting in ""paper-cut works.""

I can draw an analogy by comparing the DNA to the paper, the gene editing tools (like CRISPR-Cas9) to scissors, and the edited gene to the paper-cut work. The core idea is making precise modifications to a base material to create a new, altered form.",0.8490086793899536,string_to_string
